"","name","days","died","species"
"1",TRUE,323,TRUE,"geranium"
"2",TRUE,134,TRUE,"basil"
"3",TRUE,229,TRUE,"basil"
"4",TRUE,47,TRUE,"geranium"
"5",FALSE,195,TRUE,"pachira"
"6",TRUE,132,TRUE,"basil"
"7",FALSE,247,TRUE,"cactus"
"8",TRUE,65,TRUE,"pachira"
"9",FALSE,224,TRUE,"pachira"
"10",TRUE,28,TRUE,"basil"
"11",TRUE,162,TRUE,"geranium"
"12",FALSE,113,TRUE,"pachira"
"13",FALSE,268,TRUE,"basil"
"14",FALSE,38,TRUE,"pachira"
"15",FALSE,230,TRUE,"pachira"
"16",TRUE,131,TRUE,"basil"
"17",TRUE,39,FALSE,"pachira"
"18",FALSE,46,FALSE,"cactus"
"19",TRUE,170,TRUE,"pachira"
"20",FALSE,161,FALSE,"cactus"
"21",TRUE,357,FALSE,"cactus"
"22",TRUE,143,TRUE,"cactus"
"23",FALSE,275,TRUE,"geranium"
"24",FALSE,15,FALSE,"cactus"
"25",TRUE,280,TRUE,"basil"
"26",TRUE,68,TRUE,"cactus"
"27",FALSE,119,TRUE,"pachira"
"28",TRUE,153,TRUE,"pachira"
"29",TRUE,102,FALSE,"basil"
"30",FALSE,253,TRUE,"pachira"
"31",TRUE,323,TRUE,"basil"
"32",TRUE,134,TRUE,"basil"
"33",FALSE,168,TRUE,"basil"
"34",FALSE,165,TRUE,"pachira"
"35",TRUE,155,TRUE,"geranium"
"36",FALSE,239,TRUE,"cactus"
"37",TRUE,55,FALSE,"basil"
"38",TRUE,170,TRUE,"basil"
"39",FALSE,264,TRUE,"geranium"
"40",TRUE,12,TRUE,"basil"
"41",FALSE,67,TRUE,"pachira"
"42",FALSE,10,TRUE,"pachira"
"43",TRUE,282,TRUE,"pachira"
"44",FALSE,116,FALSE,"basil"
"45",FALSE,66,TRUE,"basil"
"46",FALSE,53,FALSE,"basil"
"47",TRUE,222,FALSE,"cactus"
"48",FALSE,256,TRUE,"cactus"
"49",FALSE,170,TRUE,"basil"
"50",TRUE,177,TRUE,"geranium"
"51",TRUE,90,TRUE,"basil"
"52",FALSE,275,TRUE,"basil"
"53",TRUE,232,FALSE,"basil"
"54",TRUE,198,TRUE,"geranium"
"55",FALSE,255,TRUE,"geranium"
"56",TRUE,184,TRUE,"pachira"
"57",FALSE,55,TRUE,"basil"
"58",TRUE,33,TRUE,"geranium"
"59",TRUE,213,TRUE,"cactus"
"60",TRUE,71,FALSE,"geranium"
"61",TRUE,86,FALSE,"pachira"
"62",TRUE,122,FALSE,"cactus"
"63",TRUE,6,TRUE,"pachira"
"64",TRUE,14,FALSE,"pachira"
"65",TRUE,328,TRUE,"basil"
"66",TRUE,247,TRUE,"basil"
"67",FALSE,169,TRUE,"basil"
"68",TRUE,363,FALSE,"cactus"
"69",FALSE,10,TRUE,"basil"
"70",TRUE,243,TRUE,"pachira"
"71",FALSE,43,FALSE,"cactus"
"72",TRUE,98,TRUE,"geranium"
"73",FALSE,164,FALSE,"basil"
"74",FALSE,270,TRUE,"pachira"
"75",TRUE,303,TRUE,"pachira"
"76",FALSE,293,TRUE,"geranium"
"77",TRUE,75,FALSE,"pachira"
"78",TRUE,270,TRUE,"cactus"
"79",FALSE,187,TRUE,"geranium"
"80",TRUE,313,TRUE,"pachira"
"81",TRUE,363,TRUE,"geranium"
"82",FALSE,329,TRUE,"basil"
"83",TRUE,67,TRUE,"cactus"
"84",TRUE,242,TRUE,"cactus"
"85",FALSE,285,TRUE,"pachira"
"86",TRUE,179,TRUE,"pachira"
"87",TRUE,158,TRUE,"geranium"
"88",TRUE,294,TRUE,"pachira"
"89",FALSE,2,TRUE,"pachira"
"90",FALSE,231,TRUE,"cactus"
"91",FALSE,326,TRUE,"pachira"
"92",FALSE,4,TRUE,"pachira"
"93",FALSE,321,FALSE,"cactus"
"94",FALSE,190,TRUE,"basil"
"95",FALSE,83,TRUE,"pachira"
"96",FALSE,78,TRUE,"basil"
"97",FALSE,100,TRUE,"basil"
"98",TRUE,102,TRUE,"geranium"
"99",FALSE,45,FALSE,"basil"
"100",FALSE,181,TRUE,"geranium"
"101",TRUE,187,TRUE,"pachira"
"102",FALSE,288,FALSE,"basil"
"103",FALSE,342,TRUE,"geranium"
"104",FALSE,10,FALSE,"basil"
"105",TRUE,27,TRUE,"cactus"
"106",TRUE,265,TRUE,"pachira"
"107",TRUE,17,FALSE,"cactus"
"108",TRUE,127,TRUE,"basil"
"109",FALSE,71,TRUE,"cactus"
"110",TRUE,125,TRUE,"geranium"
"111",TRUE,90,FALSE,"basil"
"112",FALSE,339,FALSE,"cactus"
"113",TRUE,301,TRUE,"pachira"
"114",TRUE,19,TRUE,"pachira"
"115",FALSE,200,TRUE,"pachira"
"116",FALSE,175,TRUE,"geranium"
"117",FALSE,59,TRUE,"basil"
"118",TRUE,153,TRUE,"geranium"
"119",TRUE,306,FALSE,"basil"
"120",FALSE,114,TRUE,"pachira"
"121",FALSE,287,TRUE,"pachira"
"122",TRUE,138,TRUE,"pachira"
"123",TRUE,196,TRUE,"pachira"
"124",TRUE,83,FALSE,"cactus"
"125",TRUE,333,TRUE,"pachira"
"126",TRUE,330,TRUE,"basil"
"127",FALSE,271,FALSE,"cactus"
"128",FALSE,232,TRUE,"basil"
"129",TRUE,145,TRUE,"geranium"
"130",FALSE,212,TRUE,"basil"
"131",TRUE,197,TRUE,"basil"
"132",FALSE,125,FALSE,"basil"
"133",FALSE,51,FALSE,"cactus"
"134",FALSE,330,TRUE,"basil"
"135",TRUE,198,TRUE,"pachira"
"136",TRUE,193,TRUE,"pachira"
"137",FALSE,54,TRUE,"pachira"
"138",FALSE,301,TRUE,"basil"
"139",TRUE,189,TRUE,"basil"
"140",FALSE,22,TRUE,"geranium"
"141",TRUE,127,FALSE,"cactus"
"142",TRUE,62,TRUE,"cactus"
"143",TRUE,135,FALSE,"cactus"
"144",TRUE,149,TRUE,"pachira"
"145",FALSE,8,TRUE,"basil"
"146",TRUE,31,FALSE,"pachira"
"147",FALSE,119,TRUE,"basil"
"148",TRUE,119,FALSE,"cactus"
"149",FALSE,167,TRUE,"cactus"
"150",FALSE,76,TRUE,"geranium"
"151",FALSE,270,TRUE,"pachira"
"152",TRUE,4,FALSE,"basil"
"153",FALSE,47,TRUE,"pachira"
"154",FALSE,211,TRUE,"pachira"
"155",TRUE,83,FALSE,"basil"
"156",TRUE,141,TRUE,"geranium"
"157",TRUE,206,TRUE,"geranium"
"158",FALSE,160,TRUE,"cactus"
"159",FALSE,301,TRUE,"pachira"
"160",FALSE,102,TRUE,"basil"
"161",FALSE,257,TRUE,"pachira"
"162",FALSE,286,TRUE,"geranium"
"163",TRUE,162,TRUE,"geranium"
"164",FALSE,233,TRUE,"pachira"
"165",FALSE,308,TRUE,"pachira"
"166",FALSE,190,TRUE,"pachira"
"167",FALSE,167,TRUE,"geranium"
"168",TRUE,82,FALSE,"pachira"
"169",FALSE,165,TRUE,"basil"
"170",FALSE,164,TRUE,"pachira"
"171",FALSE,2,TRUE,"geranium"
"172",TRUE,182,TRUE,"pachira"
"173",TRUE,120,TRUE,"basil"
"174",FALSE,136,TRUE,"pachira"
"175",FALSE,11,TRUE,"pachira"
"176",TRUE,70,FALSE,"basil"
"177",FALSE,309,TRUE,"basil"
"178",TRUE,90,TRUE,"basil"
"179",TRUE,89,FALSE,"pachira"
"180",TRUE,232,FALSE,"basil"
"181",TRUE,36,TRUE,"basil"
"182",FALSE,251,FALSE,"cactus"
"183",FALSE,90,TRUE,"basil"
"184",FALSE,53,TRUE,"basil"
"185",TRUE,146,TRUE,"pachira"
"186",TRUE,326,TRUE,"pachira"
"187",FALSE,7,FALSE,"basil"
"188",FALSE,294,TRUE,"pachira"
"189",TRUE,299,TRUE,"pachira"
"190",TRUE,282,FALSE,"basil"
"191",TRUE,209,TRUE,"basil"
"192",TRUE,179,FALSE,"cactus"
"193",FALSE,340,TRUE,"basil"
"194",FALSE,9,TRUE,"pachira"
"195",TRUE,123,TRUE,"pachira"
"196",TRUE,208,TRUE,"geranium"
"197",FALSE,123,TRUE,"pachira"
"198",FALSE,163,TRUE,"pachira"
"199",FALSE,143,TRUE,"cactus"
"200",TRUE,26,FALSE,"basil"
"201",TRUE,168,TRUE,"basil"
"202",FALSE,2,TRUE,"geranium"
"203",FALSE,261,TRUE,"basil"
"204",TRUE,46,FALSE,"geranium"
"205",TRUE,329,TRUE,"basil"
"206",TRUE,313,TRUE,"geranium"
"207",TRUE,66,TRUE,"cactus"
"208",TRUE,94,FALSE,"basil"
"209",FALSE,96,TRUE,"pachira"
"210",FALSE,3,TRUE,"pachira"
"211",TRUE,241,TRUE,"geranium"
"212",TRUE,236,TRUE,"geranium"
"213",TRUE,103,TRUE,"pachira"
"214",FALSE,39,TRUE,"pachira"
"215",TRUE,199,TRUE,"geranium"
"216",TRUE,73,TRUE,"basil"
"217",TRUE,339,TRUE,"basil"
"218",TRUE,142,TRUE,"basil"
"219",FALSE,100,TRUE,"basil"
"220",FALSE,260,TRUE,"cactus"
"221",TRUE,166,TRUE,"basil"
"222",TRUE,187,FALSE,"basil"
"223",FALSE,349,TRUE,"basil"
"224",FALSE,182,TRUE,"geranium"
"225",TRUE,73,FALSE,"basil"
"226",TRUE,171,FALSE,"basil"
"227",TRUE,275,TRUE,"pachira"
"228",TRUE,12,FALSE,"cactus"
"229",FALSE,9,TRUE,"basil"
"230",TRUE,25,FALSE,"basil"
"231",TRUE,93,TRUE,"basil"
"232",TRUE,54,FALSE,"pachira"
"233",TRUE,310,FALSE,"cactus"
"234",FALSE,192,TRUE,"pachira"
"235",TRUE,245,TRUE,"geranium"
"236",FALSE,102,TRUE,"basil"
"237",FALSE,314,TRUE,"pachira"
"238",FALSE,43,TRUE,"cactus"
"239",FALSE,158,TRUE,"geranium"
"240",FALSE,71,FALSE,"cactus"
"241",TRUE,201,TRUE,"geranium"
"242",TRUE,175,TRUE,"geranium"
"243",FALSE,104,FALSE,"cactus"
"244",TRUE,333,TRUE,"cactus"
"245",FALSE,106,TRUE,"pachira"
"246",FALSE,138,FALSE,"basil"
"247",TRUE,139,TRUE,"geranium"
"248",FALSE,289,TRUE,"pachira"
"249",FALSE,291,TRUE,"geranium"
"250",TRUE,154,FALSE,"basil"
"251",TRUE,58,FALSE,"pachira"
"252",FALSE,252,FALSE,"cactus"
"253",FALSE,104,TRUE,"pachira"
"254",FALSE,189,TRUE,"geranium"
"255",FALSE,50,TRUE,"geranium"
"256",TRUE,166,TRUE,"basil"
"257",FALSE,29,TRUE,"basil"
"258",FALSE,308,TRUE,"pachira"
"259",TRUE,356,TRUE,"basil"
"260",FALSE,266,TRUE,"basil"
"261",TRUE,60,FALSE,"pachira"
"262",FALSE,303,TRUE,"geranium"
"263",TRUE,156,TRUE,"cactus"
"264",FALSE,279,TRUE,"cactus"
"265",TRUE,236,TRUE,"basil"
"266",FALSE,241,TRUE,"basil"
"267",TRUE,308,TRUE,"geranium"
"268",FALSE,319,TRUE,"cactus"
"269",TRUE,121,FALSE,"basil"
"270",FALSE,181,FALSE,"cactus"
"271",FALSE,156,FALSE,"basil"
"272",TRUE,31,FALSE,"basil"
"273",FALSE,36,TRUE,"pachira"
"274",TRUE,344,TRUE,"pachira"
"275",TRUE,279,TRUE,"basil"
"276",FALSE,300,TRUE,"basil"
"277",TRUE,150,TRUE,"geranium"
"278",FALSE,335,TRUE,"basil"
"279",TRUE,130,TRUE,"pachira"
"280",TRUE,358,TRUE,"cactus"
"281",FALSE,352,FALSE,"cactus"
"282",FALSE,276,TRUE,"pachira"
"283",TRUE,34,TRUE,"pachira"
"284",TRUE,214,TRUE,"pachira"
"285",FALSE,51,TRUE,"cactus"
"286",TRUE,340,TRUE,"basil"
"287",TRUE,168,FALSE,"basil"
"288",FALSE,307,TRUE,"pachira"
"289",TRUE,38,FALSE,"pachira"
"290",FALSE,122,TRUE,"basil"
"291",TRUE,175,TRUE,"basil"
"292",TRUE,251,TRUE,"basil"
"293",FALSE,39,TRUE,"basil"
"294",TRUE,324,FALSE,"basil"
"295",TRUE,345,TRUE,"basil"
"296",FALSE,329,TRUE,"pachira"
"297",TRUE,189,TRUE,"pachira"
"298",TRUE,211,FALSE,"cactus"
"299",FALSE,158,TRUE,"pachira"
"300",TRUE,327,TRUE,"basil"
"301",FALSE,97,FALSE,"basil"
"302",TRUE,234,TRUE,"geranium"
"303",FALSE,107,TRUE,"pachira"
"304",TRUE,63,FALSE,"cactus"
"305",FALSE,313,TRUE,"basil"
"306",FALSE,302,TRUE,"basil"
"307",TRUE,255,TRUE,"basil"
"308",TRUE,35,FALSE,"geranium"
"309",TRUE,95,FALSE,"pachira"
"310",TRUE,210,TRUE,"cactus"
"311",FALSE,362,FALSE,"basil"
"312",TRUE,131,TRUE,"pachira"
"313",FALSE,315,TRUE,"pachira"
"314",FALSE,122,FALSE,"cactus"
"315",FALSE,317,TRUE,"pachira"
"316",FALSE,324,TRUE,"cactus"
"317",TRUE,325,FALSE,"basil"
"318",FALSE,273,FALSE,"cactus"
"319",TRUE,285,TRUE,"pachira"
"320",TRUE,297,TRUE,"basil"
"321",FALSE,30,TRUE,"pachira"
"322",TRUE,350,TRUE,"cactus"
"323",TRUE,258,TRUE,"cactus"
"324",TRUE,352,TRUE,"geranium"
"325",FALSE,58,FALSE,"basil"
"326",FALSE,226,TRUE,"pachira"
"327",TRUE,356,FALSE,"cactus"
"328",TRUE,210,TRUE,"basil"
"329",TRUE,338,FALSE,"basil"
"330",FALSE,211,FALSE,"basil"
"331",FALSE,348,TRUE,"geranium"
"332",TRUE,310,TRUE,"basil"
"333",FALSE,266,TRUE,"pachira"
"334",FALSE,274,TRUE,"geranium"
"335",TRUE,191,TRUE,"cactus"
"336",FALSE,135,TRUE,"geranium"
"337",FALSE,85,TRUE,"basil"
"338",FALSE,302,TRUE,"basil"
"339",FALSE,351,TRUE,"basil"
"340",FALSE,277,TRUE,"cactus"
"341",TRUE,156,FALSE,"cactus"
"342",TRUE,202,TRUE,"basil"
"343",TRUE,258,FALSE,"cactus"
"344",TRUE,332,TRUE,"pachira"
"345",FALSE,53,TRUE,"pachira"
"346",TRUE,104,TRUE,"pachira"
"347",FALSE,166,FALSE,"cactus"
"348",TRUE,223,TRUE,"basil"
"349",FALSE,154,TRUE,"pachira"
"350",FALSE,66,TRUE,"basil"
"351",TRUE,199,TRUE,"pachira"
"352",FALSE,55,TRUE,"pachira"
"353",FALSE,205,TRUE,"pachira"
"354",FALSE,5,FALSE,"basil"
"355",FALSE,200,TRUE,"geranium"
"356",TRUE,223,TRUE,"pachira"
"357",FALSE,326,TRUE,"geranium"
"358",TRUE,334,FALSE,"basil"
"359",TRUE,30,TRUE,"cactus"
"360",FALSE,253,FALSE,"cactus"
"361",FALSE,50,TRUE,"cactus"
"362",FALSE,126,FALSE,"basil"
"363",FALSE,125,TRUE,"pachira"
"364",FALSE,265,TRUE,"pachira"
"365",FALSE,24,FALSE,"cactus"
"366",TRUE,78,TRUE,"cactus"
"367",TRUE,197,TRUE,"geranium"
"368",FALSE,277,TRUE,"basil"
"369",TRUE,202,TRUE,"pachira"
"370",FALSE,253,TRUE,"pachira"
"371",TRUE,128,TRUE,"basil"
"372",TRUE,321,TRUE,"pachira"
"373",FALSE,230,TRUE,"pachira"
"374",TRUE,180,TRUE,"pachira"
"375",FALSE,147,TRUE,"cactus"
"376",TRUE,213,TRUE,"geranium"
"377",FALSE,289,TRUE,"geranium"
"378",FALSE,50,TRUE,"pachira"
"379",FALSE,2,TRUE,"basil"
"380",TRUE,189,TRUE,"geranium"
"381",FALSE,27,TRUE,"basil"
"382",FALSE,148,TRUE,"pachira"
"383",TRUE,168,TRUE,"pachira"
"384",FALSE,47,TRUE,"pachira"
"385",TRUE,261,FALSE,"cactus"
"386",TRUE,211,TRUE,"basil"
"387",TRUE,209,FALSE,"cactus"
"388",FALSE,258,TRUE,"pachira"
"389",TRUE,41,TRUE,"basil"
"390",TRUE,283,TRUE,"basil"
"391",FALSE,98,FALSE,"cactus"
"392",TRUE,177,TRUE,"pachira"
"393",FALSE,320,TRUE,"pachira"
"394",TRUE,86,TRUE,"geranium"
"395",TRUE,248,TRUE,"basil"
"396",FALSE,28,TRUE,"basil"
"397",TRUE,13,FALSE,"pachira"
"398",FALSE,218,TRUE,"pachira"
"399",FALSE,314,TRUE,"basil"
"400",FALSE,92,TRUE,"pachira"
"401",TRUE,141,TRUE,"basil"
"402",TRUE,347,TRUE,"pachira"
"403",FALSE,176,TRUE,"pachira"
"404",TRUE,265,TRUE,"basil"
"405",TRUE,296,TRUE,"basil"
"406",TRUE,43,FALSE,"basil"
"407",TRUE,248,TRUE,"pachira"
"408",TRUE,82,TRUE,"basil"
"409",FALSE,162,TRUE,"pachira"
"410",TRUE,130,TRUE,"basil"
"411",FALSE,130,TRUE,"pachira"
"412",FALSE,40,TRUE,"cactus"
"413",FALSE,216,TRUE,"geranium"
"414",FALSE,78,TRUE,"geranium"
"415",TRUE,272,TRUE,"geranium"
"416",TRUE,303,FALSE,"basil"
"417",TRUE,252,TRUE,"basil"
"418",TRUE,205,FALSE,"basil"
"419",FALSE,281,TRUE,"geranium"
"420",FALSE,183,TRUE,"geranium"
"421",FALSE,230,FALSE,"cactus"
"422",TRUE,28,TRUE,"pachira"
"423",FALSE,28,TRUE,"basil"
"424",FALSE,175,TRUE,"basil"
"425",TRUE,346,TRUE,"pachira"
"426",FALSE,55,TRUE,"basil"
"427",FALSE,243,TRUE,"geranium"
"428",FALSE,15,TRUE,"pachira"
"429",FALSE,205,TRUE,"pachira"
"430",FALSE,154,TRUE,"pachira"
"431",TRUE,9,TRUE,"basil"
"432",TRUE,116,TRUE,"pachira"
"433",FALSE,101,TRUE,"pachira"
"434",FALSE,144,TRUE,"basil"
"435",FALSE,89,TRUE,"geranium"
"436",TRUE,150,TRUE,"pachira"
"437",FALSE,263,FALSE,"cactus"
"438",FALSE,202,TRUE,"pachira"
"439",FALSE,211,FALSE,"cactus"
"440",TRUE,261,FALSE,"cactus"
"441",TRUE,311,TRUE,"pachira"
"442",FALSE,250,TRUE,"basil"
"443",FALSE,254,TRUE,"geranium"
"444",FALSE,71,FALSE,"cactus"
"445",FALSE,49,TRUE,"basil"
"446",TRUE,184,TRUE,"pachira"
"447",FALSE,363,TRUE,"geranium"
"448",TRUE,269,TRUE,"basil"
"449",TRUE,86,FALSE,"pachira"
"450",FALSE,139,TRUE,"basil"
"451",TRUE,171,TRUE,"geranium"
"452",TRUE,190,TRUE,"pachira"
"453",TRUE,192,TRUE,"geranium"
"454",TRUE,115,TRUE,"pachira"
"455",TRUE,246,TRUE,"pachira"
"456",FALSE,190,TRUE,"pachira"
"457",TRUE,13,TRUE,"geranium"
"458",TRUE,261,TRUE,"basil"
"459",TRUE,286,TRUE,"geranium"
"460",FALSE,227,TRUE,"pachira"
"461",TRUE,201,TRUE,"basil"
"462",FALSE,65,TRUE,"geranium"
"463",FALSE,287,TRUE,"pachira"
"464",TRUE,293,FALSE,"basil"
"465",FALSE,153,TRUE,"pachira"
"466",FALSE,241,TRUE,"pachira"
"467",TRUE,116,TRUE,"pachira"
"468",TRUE,47,FALSE,"geranium"
"469",TRUE,309,TRUE,"basil"
"470",TRUE,228,TRUE,"pachira"
"471",TRUE,344,TRUE,"geranium"
"472",TRUE,351,FALSE,"cactus"
"473",FALSE,266,FALSE,"basil"
"474",FALSE,170,TRUE,"pachira"
"475",TRUE,156,TRUE,"pachira"
"476",FALSE,330,TRUE,"basil"
"477",FALSE,343,TRUE,"pachira"
"478",TRUE,353,TRUE,"pachira"
"479",TRUE,33,FALSE,"geranium"
"480",TRUE,121,TRUE,"geranium"
"481",TRUE,230,TRUE,"basil"
"482",TRUE,137,TRUE,"cactus"
"483",TRUE,311,TRUE,"pachira"
"484",TRUE,252,TRUE,"geranium"
"485",FALSE,62,TRUE,"pachira"
"486",FALSE,2,TRUE,"pachira"
"487",FALSE,41,TRUE,"pachira"
"488",TRUE,204,FALSE,"basil"
"489",TRUE,171,TRUE,"pachira"
"490",TRUE,235,TRUE,"pachira"
"491",TRUE,277,TRUE,"geranium"
"492",FALSE,31,TRUE,"basil"
"493",TRUE,291,FALSE,"cactus"
"494",TRUE,218,FALSE,"cactus"
"495",TRUE,247,TRUE,"pachira"
"496",TRUE,178,TRUE,"basil"
"497",FALSE,350,TRUE,"cactus"
"498",TRUE,40,TRUE,"pachira"
"499",TRUE,303,TRUE,"pachira"
"500",TRUE,180,TRUE,"geranium"
"501",FALSE,239,TRUE,"cactus"
"502",TRUE,167,FALSE,"basil"
"503",FALSE,149,TRUE,"geranium"
"504",TRUE,62,FALSE,"basil"
"505",FALSE,123,TRUE,"pachira"
"506",FALSE,210,TRUE,"pachira"
"507",FALSE,356,TRUE,"geranium"
"508",FALSE,8,FALSE,"basil"
"509",FALSE,173,TRUE,"pachira"
"510",FALSE,305,TRUE,"basil"
"511",FALSE,83,TRUE,"geranium"
"512",TRUE,98,FALSE,"basil"
"513",TRUE,182,FALSE,"basil"
"514",FALSE,314,TRUE,"basil"
"515",FALSE,260,TRUE,"pachira"
"516",TRUE,312,TRUE,"cactus"
"517",TRUE,146,TRUE,"geranium"
"518",TRUE,319,TRUE,"pachira"
"519",TRUE,116,TRUE,"pachira"
"520",TRUE,17,FALSE,"pachira"
"521",FALSE,95,TRUE,"pachira"
"522",FALSE,129,TRUE,"pachira"
"523",TRUE,231,FALSE,"cactus"
"524",FALSE,118,FALSE,"basil"
"525",FALSE,215,FALSE,"cactus"
"526",TRUE,124,TRUE,"pachira"
"527",TRUE,184,FALSE,"cactus"
"528",TRUE,318,TRUE,"geranium"
"529",TRUE,123,TRUE,"basil"
"530",TRUE,95,FALSE,"pachira"
"531",TRUE,144,TRUE,"pachira"
"532",TRUE,244,TRUE,"pachira"
"533",FALSE,333,TRUE,"pachira"
"534",TRUE,229,TRUE,"pachira"
"535",TRUE,353,TRUE,"basil"
"536",TRUE,292,TRUE,"basil"
"537",TRUE,130,TRUE,"pachira"
"538",FALSE,141,TRUE,"basil"
"539",TRUE,119,TRUE,"cactus"
"540",FALSE,320,TRUE,"basil"
"541",TRUE,315,TRUE,"pachira"
"542",FALSE,305,FALSE,"basil"
"543",TRUE,221,TRUE,"pachira"
"544",TRUE,272,TRUE,"basil"
"545",FALSE,28,FALSE,"cactus"
"546",TRUE,59,FALSE,"pachira"
"547",FALSE,35,TRUE,"pachira"
"548",TRUE,66,TRUE,"geranium"
"549",TRUE,325,FALSE,"basil"
"550",TRUE,221,TRUE,"pachira"
"551",TRUE,160,TRUE,"basil"
"552",FALSE,286,TRUE,"geranium"
"553",TRUE,50,TRUE,"pachira"
"554",TRUE,46,FALSE,"pachira"
"555",FALSE,33,TRUE,"pachira"
"556",FALSE,42,FALSE,"cactus"
"557",FALSE,208,TRUE,"pachira"
"558",TRUE,313,TRUE,"pachira"
"559",FALSE,202,FALSE,"basil"
"560",TRUE,217,FALSE,"basil"
"561",TRUE,82,TRUE,"geranium"
"562",TRUE,215,TRUE,"geranium"
"563",FALSE,173,TRUE,"geranium"
"564",TRUE,355,TRUE,"basil"
"565",TRUE,136,TRUE,"pachira"
"566",FALSE,151,TRUE,"pachira"
"567",TRUE,24,FALSE,"basil"
"568",FALSE,215,TRUE,"pachira"
"569",TRUE,172,TRUE,"cactus"
"570",FALSE,361,FALSE,"cactus"
"571",FALSE,198,TRUE,"geranium"
"572",FALSE,253,FALSE,"cactus"
"573",FALSE,131,TRUE,"cactus"
"574",TRUE,192,TRUE,"basil"
"575",TRUE,115,TRUE,"pachira"
"576",TRUE,63,FALSE,"pachira"
"577",FALSE,354,TRUE,"pachira"
"578",TRUE,89,FALSE,"basil"
"579",TRUE,231,TRUE,"pachira"
"580",TRUE,115,TRUE,"geranium"
"581",FALSE,114,TRUE,"geranium"
"582",FALSE,10,TRUE,"basil"
"583",FALSE,9,TRUE,"basil"
"584",TRUE,64,TRUE,"geranium"
"585",FALSE,183,TRUE,"geranium"
"586",FALSE,211,FALSE,"basil"
"587",FALSE,340,TRUE,"basil"
"588",FALSE,124,FALSE,"cactus"
"589",TRUE,180,TRUE,"basil"
"590",TRUE,251,TRUE,"pachira"
"591",TRUE,307,TRUE,"basil"
"592",TRUE,364,TRUE,"basil"
"593",TRUE,54,TRUE,"cactus"
"594",TRUE,110,FALSE,"cactus"
"595",FALSE,111,TRUE,"pachira"
"596",TRUE,25,FALSE,"pachira"
"597",FALSE,28,TRUE,"geranium"
"598",TRUE,103,TRUE,"cactus"
"599",FALSE,113,TRUE,"cactus"
"600",TRUE,30,FALSE,"basil"
"601",FALSE,354,FALSE,"basil"
"602",FALSE,360,TRUE,"geranium"
"603",FALSE,140,TRUE,"pachira"
"604",TRUE,89,FALSE,"pachira"
"605",FALSE,94,TRUE,"pachira"
"606",TRUE,354,FALSE,"basil"
"607",FALSE,347,TRUE,"geranium"
"608",FALSE,246,FALSE,"cactus"
"609",TRUE,2,TRUE,"basil"
"610",FALSE,254,TRUE,"basil"
"611",FALSE,179,FALSE,"cactus"
"612",TRUE,296,TRUE,"basil"
"613",TRUE,177,TRUE,"pachira"
"614",FALSE,139,FALSE,"cactus"
"615",TRUE,337,TRUE,"geranium"
"616",TRUE,152,TRUE,"pachira"
"617",FALSE,226,TRUE,"pachira"
"618",TRUE,73,FALSE,"geranium"
"619",FALSE,38,TRUE,"pachira"
"620",TRUE,104,TRUE,"pachira"
"621",TRUE,121,TRUE,"pachira"
"622",TRUE,220,TRUE,"pachira"
"623",FALSE,276,TRUE,"pachira"
"624",TRUE,138,TRUE,"pachira"
"625",FALSE,44,TRUE,"geranium"
"626",FALSE,276,FALSE,"cactus"
"627",TRUE,118,TRUE,"pachira"
"628",FALSE,12,FALSE,"cactus"
"629",FALSE,277,TRUE,"geranium"
"630",FALSE,300,TRUE,"pachira"
"631",FALSE,83,TRUE,"geranium"
"632",FALSE,274,FALSE,"basil"
"633",FALSE,332,TRUE,"basil"
"634",TRUE,244,TRUE,"pachira"
"635",TRUE,302,TRUE,"pachira"
"636",TRUE,353,FALSE,"cactus"
"637",TRUE,126,TRUE,"pachira"
"638",FALSE,150,TRUE,"basil"
"639",FALSE,309,TRUE,"basil"
"640",FALSE,265,TRUE,"basil"
"641",FALSE,121,TRUE,"pachira"
"642",TRUE,4,TRUE,"basil"
"643",FALSE,225,TRUE,"pachira"
"644",TRUE,364,TRUE,"geranium"
"645",FALSE,128,FALSE,"cactus"
"646",TRUE,286,TRUE,"basil"
"647",TRUE,70,FALSE,"pachira"
"648",TRUE,339,TRUE,"pachira"
"649",TRUE,291,TRUE,"pachira"
"650",FALSE,167,TRUE,"cactus"
"651",TRUE,357,TRUE,"basil"
"652",TRUE,148,TRUE,"basil"
"653",TRUE,180,TRUE,"basil"
"654",TRUE,301,TRUE,"pachira"
"655",TRUE,316,TRUE,"basil"
"656",FALSE,215,TRUE,"basil"
"657",TRUE,133,TRUE,"basil"
"658",FALSE,21,TRUE,"basil"
"659",TRUE,188,TRUE,"basil"
"660",FALSE,3,TRUE,"pachira"
"661",TRUE,131,TRUE,"pachira"
"662",TRUE,180,TRUE,"geranium"
"663",TRUE,223,TRUE,"pachira"
"664",TRUE,239,TRUE,"basil"
"665",TRUE,109,TRUE,"basil"
"666",TRUE,14,FALSE,"geranium"
"667",TRUE,105,TRUE,"pachira"
"668",FALSE,11,TRUE,"pachira"
"669",FALSE,58,TRUE,"basil"
"670",FALSE,15,TRUE,"basil"
"671",FALSE,53,TRUE,"pachira"
"672",FALSE,339,TRUE,"basil"
"673",FALSE,263,TRUE,"geranium"
"674",TRUE,133,TRUE,"basil"
"675",FALSE,177,FALSE,"basil"
"676",FALSE,338,TRUE,"geranium"
"677",FALSE,11,TRUE,"basil"
"678",FALSE,364,TRUE,"pachira"
"679",FALSE,81,TRUE,"cactus"
"680",FALSE,310,TRUE,"pachira"
"681",FALSE,22,TRUE,"basil"
"682",FALSE,218,TRUE,"basil"
"683",FALSE,145,FALSE,"basil"
"684",TRUE,173,TRUE,"cactus"
"685",FALSE,279,TRUE,"pachira"
"686",FALSE,205,TRUE,"geranium"
"687",FALSE,327,TRUE,"pachira"
"688",FALSE,199,TRUE,"pachira"
"689",TRUE,107,FALSE,"basil"
"690",TRUE,241,TRUE,"pachira"
"691",FALSE,240,FALSE,"cactus"
"692",TRUE,248,FALSE,"cactus"
"693",FALSE,124,TRUE,"pachira"
"694",FALSE,362,TRUE,"basil"
"695",TRUE,123,TRUE,"pachira"
"696",FALSE,301,TRUE,"cactus"
"697",TRUE,362,TRUE,"basil"
"698",FALSE,158,TRUE,"pachira"
"699",FALSE,143,TRUE,"pachira"
"700",FALSE,322,TRUE,"pachira"
"701",FALSE,129,TRUE,"pachira"
"702",FALSE,300,TRUE,"basil"
"703",FALSE,346,TRUE,"pachira"
"704",FALSE,364,TRUE,"cactus"
"705",FALSE,31,FALSE,"cactus"
"706",TRUE,68,FALSE,"geranium"
"707",TRUE,52,FALSE,"pachira"
"708",TRUE,318,TRUE,"pachira"
"709",FALSE,117,TRUE,"basil"
"710",FALSE,333,TRUE,"pachira"
"711",FALSE,79,TRUE,"geranium"
"712",FALSE,57,TRUE,"pachira"
"713",FALSE,106,TRUE,"basil"
"714",TRUE,81,FALSE,"pachira"
"715",FALSE,12,TRUE,"cactus"
"716",TRUE,202,TRUE,"pachira"
"717",FALSE,251,TRUE,"pachira"
"718",TRUE,264,TRUE,"geranium"
"719",TRUE,264,TRUE,"basil"
"720",TRUE,114,TRUE,"basil"
"721",TRUE,200,TRUE,"pachira"
"722",TRUE,143,TRUE,"basil"
"723",FALSE,17,TRUE,"basil"
"724",TRUE,356,TRUE,"basil"
"725",FALSE,227,TRUE,"geranium"
"726",TRUE,269,FALSE,"basil"
"727",FALSE,329,TRUE,"geranium"
"728",FALSE,62,TRUE,"basil"
"729",FALSE,288,FALSE,"basil"
"730",TRUE,219,FALSE,"cactus"
"731",TRUE,166,TRUE,"cactus"
"732",TRUE,31,TRUE,"basil"
"733",FALSE,41,TRUE,"basil"
"734",TRUE,62,TRUE,"basil"
"735",FALSE,209,TRUE,"basil"
"736",TRUE,222,TRUE,"basil"
"737",TRUE,325,FALSE,"cactus"
"738",FALSE,276,FALSE,"cactus"
"739",TRUE,84,TRUE,"basil"
"740",FALSE,332,TRUE,"basil"
"741",TRUE,234,FALSE,"cactus"
"742",FALSE,347,FALSE,"basil"
"743",FALSE,171,TRUE,"pachira"
"744",TRUE,116,TRUE,"pachira"
"745",FALSE,145,TRUE,"basil"
"746",TRUE,99,FALSE,"pachira"
"747",TRUE,82,TRUE,"geranium"
"748",FALSE,295,TRUE,"basil"
"749",FALSE,45,TRUE,"cactus"
"750",FALSE,225,TRUE,"pachira"
"751",TRUE,283,TRUE,"pachira"
"752",FALSE,307,TRUE,"basil"
"753",FALSE,96,TRUE,"geranium"
"754",FALSE,223,TRUE,"pachira"
"755",FALSE,97,TRUE,"geranium"
"756",TRUE,172,TRUE,"basil"
"757",TRUE,138,FALSE,"cactus"
"758",TRUE,134,TRUE,"pachira"
"759",TRUE,257,FALSE,"basil"
"760",TRUE,273,TRUE,"basil"
"761",FALSE,355,TRUE,"geranium"
"762",TRUE,11,TRUE,"geranium"
"763",FALSE,309,TRUE,"pachira"
"764",TRUE,88,TRUE,"cactus"
"765",FALSE,222,TRUE,"geranium"
"766",TRUE,233,TRUE,"cactus"
"767",FALSE,211,TRUE,"basil"
"768",FALSE,131,TRUE,"pachira"
"769",TRUE,166,TRUE,"basil"
"770",TRUE,98,FALSE,"pachira"
"771",TRUE,304,TRUE,"geranium"
"772",TRUE,39,FALSE,"pachira"
"773",TRUE,54,FALSE,"geranium"
"774",FALSE,91,TRUE,"basil"
"775",FALSE,7,TRUE,"pachira"
"776",TRUE,12,FALSE,"pachira"
"777",TRUE,218,TRUE,"pachira"
"778",FALSE,339,TRUE,"pachira"
"779",TRUE,358,TRUE,"pachira"
"780",TRUE,86,TRUE,"pachira"
"781",FALSE,203,TRUE,"geranium"
"782",TRUE,304,TRUE,"cactus"
"783",FALSE,291,TRUE,"pachira"
"784",FALSE,44,TRUE,"pachira"
"785",FALSE,154,TRUE,"basil"
"786",FALSE,103,TRUE,"pachira"
"787",TRUE,192,TRUE,"basil"
"788",FALSE,363,TRUE,"geranium"
"789",TRUE,220,TRUE,"pachira"
"790",FALSE,199,TRUE,"pachira"
"791",TRUE,9,TRUE,"geranium"
"792",FALSE,84,TRUE,"pachira"
"793",TRUE,261,FALSE,"cactus"
"794",TRUE,344,TRUE,"basil"
"795",TRUE,51,FALSE,"pachira"
"796",TRUE,66,TRUE,"geranium"
"797",TRUE,31,FALSE,"pachira"
"798",TRUE,81,FALSE,"pachira"
"799",TRUE,94,FALSE,"pachira"
"800",FALSE,167,TRUE,"geranium"
"801",FALSE,255,TRUE,"cactus"
"802",TRUE,63,TRUE,"basil"
"803",TRUE,276,TRUE,"pachira"
"804",FALSE,158,FALSE,"cactus"
"805",FALSE,265,TRUE,"basil"
"806",TRUE,334,TRUE,"pachira"
"807",TRUE,267,TRUE,"geranium"
"808",TRUE,333,TRUE,"basil"
"809",FALSE,344,FALSE,"basil"
"810",FALSE,325,TRUE,"pachira"
"811",FALSE,318,TRUE,"pachira"
"812",FALSE,19,TRUE,"geranium"
"813",FALSE,68,TRUE,"pachira"
"814",TRUE,117,FALSE,"basil"
"815",FALSE,130,FALSE,"basil"
"816",TRUE,283,TRUE,"pachira"
"817",FALSE,242,TRUE,"basil"
"818",TRUE,159,TRUE,"pachira"
"819",TRUE,167,TRUE,"geranium"
"820",TRUE,131,TRUE,"basil"
"821",TRUE,73,FALSE,"pachira"
"822",FALSE,21,FALSE,"cactus"
"823",FALSE,283,TRUE,"geranium"
"824",TRUE,96,TRUE,"basil"
"825",FALSE,297,TRUE,"pachira"
"826",FALSE,95,FALSE,"cactus"
"827",FALSE,196,TRUE,"pachira"
"828",TRUE,259,TRUE,"pachira"
"829",TRUE,105,TRUE,"geranium"
"830",TRUE,322,FALSE,"basil"
"831",TRUE,155,FALSE,"basil"
"832",TRUE,314,TRUE,"cactus"
"833",TRUE,276,TRUE,"pachira"
"834",TRUE,128,TRUE,"pachira"
"835",FALSE,160,FALSE,"cactus"
"836",FALSE,54,TRUE,"pachira"
"837",FALSE,124,TRUE,"pachira"
"838",TRUE,273,TRUE,"pachira"
"839",TRUE,280,TRUE,"pachira"
"840",FALSE,127,TRUE,"geranium"
"841",TRUE,333,TRUE,"basil"
"842",TRUE,197,TRUE,"pachira"
"843",TRUE,75,TRUE,"cactus"
"844",TRUE,42,TRUE,"pachira"
"845",FALSE,134,TRUE,"basil"
"846",TRUE,164,TRUE,"geranium"
"847",FALSE,200,FALSE,"basil"
"848",TRUE,351,TRUE,"pachira"
"849",TRUE,209,FALSE,"basil"
"850",TRUE,323,TRUE,"pachira"
"851",FALSE,359,TRUE,"basil"
"852",FALSE,279,TRUE,"basil"
"853",TRUE,117,TRUE,"pachira"
"854",TRUE,291,TRUE,"geranium"
"855",TRUE,112,TRUE,"pachira"
"856",TRUE,293,TRUE,"basil"
"857",FALSE,70,TRUE,"pachira"
"858",TRUE,334,TRUE,"cactus"
"859",FALSE,364,TRUE,"geranium"
"860",TRUE,316,TRUE,"pachira"
"861",FALSE,177,FALSE,"cactus"
"862",FALSE,104,TRUE,"pachira"
"863",TRUE,62,FALSE,"basil"
"864",TRUE,170,FALSE,"cactus"
"865",TRUE,24,FALSE,"pachira"
"866",FALSE,92,TRUE,"pachira"
"867",TRUE,228,TRUE,"basil"
"868",TRUE,179,FALSE,"cactus"
"869",TRUE,324,TRUE,"cactus"
"870",TRUE,299,FALSE,"basil"
"871",FALSE,185,TRUE,"pachira"
"872",FALSE,329,TRUE,"pachira"
"873",TRUE,238,TRUE,"pachira"
"874",FALSE,162,TRUE,"pachira"
"875",TRUE,39,TRUE,"geranium"
"876",TRUE,333,FALSE,"basil"
"877",FALSE,103,FALSE,"basil"
"878",FALSE,342,TRUE,"cactus"
"879",FALSE,256,TRUE,"pachira"
"880",FALSE,246,TRUE,"cactus"
"881",FALSE,242,TRUE,"pachira"
"882",TRUE,234,TRUE,"pachira"
"883",TRUE,129,TRUE,"pachira"
"884",FALSE,107,TRUE,"pachira"
"885",FALSE,181,TRUE,"geranium"
"886",TRUE,228,TRUE,"basil"
"887",FALSE,41,FALSE,"cactus"
"888",TRUE,158,TRUE,"basil"
"889",TRUE,19,FALSE,"pachira"
"890",TRUE,234,TRUE,"pachira"
"891",FALSE,32,TRUE,"basil"
"892",FALSE,70,TRUE,"cactus"
"893",FALSE,220,FALSE,"cactus"
"894",TRUE,18,TRUE,"pachira"
"895",FALSE,207,TRUE,"basil"
"896",TRUE,109,FALSE,"basil"
"897",TRUE,2,TRUE,"pachira"
"898",FALSE,128,TRUE,"geranium"
"899",FALSE,5,TRUE,"geranium"
"900",TRUE,11,FALSE,"cactus"
"901",TRUE,30,TRUE,"basil"
"902",FALSE,228,TRUE,"basil"
"903",FALSE,280,TRUE,"geranium"
"904",TRUE,268,TRUE,"basil"
"905",FALSE,244,TRUE,"basil"
"906",FALSE,66,TRUE,"geranium"
"907",TRUE,110,TRUE,"geranium"
"908",FALSE,235,FALSE,"basil"
"909",TRUE,69,FALSE,"basil"
"910",TRUE,172,TRUE,"pachira"
"911",FALSE,144,TRUE,"pachira"
"912",TRUE,199,TRUE,"geranium"
"913",FALSE,91,TRUE,"basil"
"914",TRUE,76,FALSE,"basil"
"915",TRUE,349,TRUE,"cactus"
"916",FALSE,188,TRUE,"geranium"
"917",FALSE,266,TRUE,"geranium"
"918",FALSE,108,TRUE,"geranium"
"919",TRUE,74,FALSE,"pachira"
"920",TRUE,183,TRUE,"basil"
"921",TRUE,355,TRUE,"basil"
"922",TRUE,142,TRUE,"basil"
"923",FALSE,129,FALSE,"cactus"
"924",FALSE,118,TRUE,"pachira"
"925",FALSE,253,TRUE,"pachira"
"926",TRUE,148,TRUE,"pachira"
"927",FALSE,127,TRUE,"pachira"
"928",FALSE,299,TRUE,"pachira"
"929",TRUE,278,TRUE,"pachira"
"930",FALSE,139,TRUE,"pachira"
"931",FALSE,101,TRUE,"pachira"
"932",TRUE,242,FALSE,"cactus"
"933",FALSE,230,TRUE,"basil"
"934",TRUE,126,FALSE,"cactus"
"935",TRUE,142,TRUE,"pachira"
"936",FALSE,143,TRUE,"basil"
"937",TRUE,271,FALSE,"basil"
"938",FALSE,230,FALSE,"cactus"
"939",TRUE,50,FALSE,"pachira"
"940",FALSE,148,TRUE,"basil"
"941",FALSE,148,TRUE,"basil"
"942",TRUE,13,TRUE,"geranium"
"943",FALSE,85,TRUE,"pachira"
"944",FALSE,87,TRUE,"pachira"
"945",FALSE,22,TRUE,"pachira"
"946",FALSE,286,TRUE,"pachira"
"947",FALSE,128,TRUE,"basil"
"948",TRUE,43,FALSE,"basil"
"949",FALSE,64,TRUE,"pachira"
"950",FALSE,360,TRUE,"geranium"
"951",TRUE,135,TRUE,"basil"
"952",TRUE,363,TRUE,"pachira"
"953",TRUE,354,TRUE,"pachira"
"954",FALSE,341,TRUE,"pachira"
"955",TRUE,175,TRUE,"cactus"
"956",FALSE,39,TRUE,"pachira"
"957",TRUE,205,TRUE,"basil"
"958",FALSE,240,TRUE,"pachira"
"959",TRUE,112,TRUE,"pachira"
"960",TRUE,115,TRUE,"basil"
"961",TRUE,275,FALSE,"basil"
"962",FALSE,213,TRUE,"basil"
"963",FALSE,304,TRUE,"basil"
"964",FALSE,290,TRUE,"pachira"
"965",FALSE,360,TRUE,"geranium"
"966",FALSE,218,TRUE,"basil"
"967",FALSE,144,TRUE,"basil"
"968",TRUE,351,TRUE,"basil"
"969",TRUE,183,TRUE,"cactus"
"970",TRUE,252,FALSE,"cactus"
"971",FALSE,259,TRUE,"cactus"
"972",FALSE,173,TRUE,"basil"
"973",FALSE,99,TRUE,"basil"
"974",TRUE,294,TRUE,"pachira"
"975",TRUE,132,FALSE,"cactus"
"976",FALSE,7,TRUE,"geranium"
"977",FALSE,150,TRUE,"cactus"
"978",TRUE,155,TRUE,"basil"
"979",FALSE,276,TRUE,"pachira"
"980",FALSE,301,TRUE,"basil"
"981",TRUE,346,TRUE,"basil"
"982",TRUE,239,TRUE,"pachira"
"983",TRUE,193,TRUE,"geranium"
"984",TRUE,347,FALSE,"cactus"
"985",TRUE,248,TRUE,"basil"
"986",TRUE,163,FALSE,"basil"
"987",TRUE,335,TRUE,"basil"
"988",FALSE,204,TRUE,"cactus"
"989",TRUE,138,FALSE,"basil"
"990",TRUE,91,TRUE,"cactus"
"991",FALSE,131,TRUE,"geranium"
"992",FALSE,165,TRUE,"pachira"
"993",FALSE,217,TRUE,"cactus"
"994",FALSE,248,TRUE,"pachira"
"995",TRUE,38,FALSE,"geranium"
"996",TRUE,120,TRUE,"basil"
"997",TRUE,88,FALSE,"basil"
"998",FALSE,144,TRUE,"pachira"
"999",TRUE,254,TRUE,"cactus"
"1000",FALSE,293,TRUE,"basil"
